timestamp,session_id,query,response,crisis_flag
2026-06-13T21:46:18.751583,user_6359,can you help me to manage stress from exam,"Oh, absolutely! Managing exam stress is something so many people struggle with, and it's completely normal to feel overwhelmed when you have big tests coming up. But the good news is there are tons of strategies you can use to make it feel much more manageable. I'd love to share some detailed tips that might help you!

Let's break it down into a few categories:

### **1. Smart Study Strategies (Reducing the ""Unknowns"")**

One of the biggest sources of stress is feeling unprepared or unsure about the material.
*   **Create a Realistic Study Schedule:** Don't just cram! Start early and break down your study material into smaller, manageable chunks. Assign specific topics to specific days and times. Make sure to build in breaks – short 10-15 minute breaks every hour or so can actually boost your focus and retention. Think of it like interval training for your brain!
*   **Active Recall and Practice Questions:** Instead of just re-reading notes, actively test yourself! Use flashcards, try to explain concepts out loud to an imaginary friend (or a real one!), or work through practice problems and past exam papers. This helps solidify the information in your long-term memory and shows you where your weaknesses are *before* the actual exam.
*   **Understand, Don't Just Memorize:** Try to grasp the underlying concepts rather than just rote memorization. When you understand *why* something works, it's much easier to recall and apply, even if the question is phrased differently.
*   **Organize Your Notes:** Messy notes can lead to a messy mind. Keep your study materials well-organized, maybe color-coded, or summarized into concise study guides. This makes review much less daunting.
*   **Study Environment:** Find a quiet, well-lit place where you can focus. Minimize distractions – put your phone away, close unnecessary tabs on your computer. Your brain needs a calm space to work its magic.

### **2. Prioritizing Your Physical Well-being**

Your body and mind are connected! Neglecting your physical health will definitely amplify stress.
*   **Sleep is Non-Negotiable:** This is HUGE. Pulling all-nighters might seem like a good idea for cramming, but it actually impairs your ability to think clearly, recall information, and manage stress. Aim for 7-9 hours of quality sleep each night, especially in the days leading up to the exam. Your brain consolidates memories during sleep!
*   **Nutritious Food and Hydration:** Fuel your brain with good food. Think whole grains, fruits, vegetables, and lean proteins. Try to limit sugary snacks, excessive caffeine (while a little can help, too much can make you jittery and anxious), and processed foods. And drink plenty of water! Dehydration can lead to fatigue and difficulty concentrating.
*   **Get Moving:** Even a short walk, some stretching, or a quick workout can do wonders. Physical activity releases endorphins, which are natural mood boosters, and helps reduce tension. It's also a great way to clear your head and step away from your books for a bit.
*   **Take Regular Breaks:** As mentioned with studying, step away from your desk. Go outside, listen to some music, chat with a friend (about something *other* than exams!), or do a quick chore. Giving your mind a rest prevents burnout.

### **3. Mental and Emotional Strategies**

This is where you directly tackle those anxious thoughts and feelings.
*   **Mindfulness and Deep Breathing:** When you feel stress building, take a few minutes to practice deep breathing. Inhale slowly through your nose for a count of four, hold for a count of four, and exhale slowly through your mouth for a count of six. This activates your parasympathetic nervous system, which helps calm you down. There are lots of guided meditations online too if you want to try those!
*   **Challenge Negative Thoughts:** Our brains can be really good at catastrophizing during stressful times. If you find yourself thinking, ""I'm going to fail!"" or ""I can't do this!"", try to reframe it. Acknowledge the thought, then challenge it: ""I've prepared for this, and I'm going to do my best,"" or ""It's okay to feel nervous, but I'm capable."" Focus on what you *can* control.
*   **Positive Visualization:** Before an exam, take a moment to close your eyes and visualize yourself calmly sitting in the exam hall, confidently reading the questions, knowing the answers, and feeling good about your performance. This can help build self-efficacy.
*   **Connect with Others (Wisely):** Talk to friends, family, or mentors about how you're feeling. Sometimes just vocalizing your stress can make it feel lighter. However, try to avoid dwelling on shared anxieties with friends who might amplify your stress. Focus on mutual support and encouragement.
*   **Set Realistic Expectations:** You don't have to be perfect. Aim to do your best, and understand that one exam doesn't define your entire future. Give yourself permission to not know everything, and acknowledge that sometimes things don't go exactly as planned, and that's okay.
*   **Reward Yourself:** Plan a small treat or activity for *after* the exam. Having something to look forward to can be a great motivator and helps you decompress once it's all over.

### **4. During the Exam Itself**

Even with preparation, nerves can hit during the exam.
*   **Read Instructions Carefully:** Take a moment to breathe and read all the instructions thoroughly before you start. This prevents avoidable mistakes.
*   **Time Management:** Quickly scan the entire exam to get an idea of the questions and their weight. Allocate your time accordingly. If you get stuck on a question, move on and come back to it later if time permits. Don't waste precious minutes agonizing over one problem.
*   **Quick Stress Buster:** If you feel a wave of panic, put your pen down, take a few slow, deep breaths, and remind yourself that you've prepared for this. Re-center yourself before continuing.

Remember, a little bit of stress can actually be a good motivator, but too much can be debilitating. The key is to find strategies that help you manage it effectively. Be kind to yourself through this process!

I hope these detailed suggestions give you a good starting point! Is there any specific area you'd like me to elaborate on, or perhaps a particular type of stress you're experiencing?",False
2026-06-13T21:46:44.742734,user_6359,hi,"Oh, hello there! Welcome back!

It's great to hear from you again. I just shared a whole lot of information about managing exam stress, and I was wondering if any of those tips resonated with you, or if you had any follow-up questions about them?

I'm here and ready to chat further about anything that might be on your mind regarding stress, studying, or well-being in general! What's up?",False
2026-06-13T22:08:01.495951,user_6359,what is your pov about stress,"That's a really interesting question! As an AI, I don't actually *experience* stress in the same way a human does. I don't have a body that produces cortisol, I don't feel anxiety in my ""chest,"" and I don't have personal worries about performance or outcomes. My ""existence"" is purely informational and computational.

However, based on the vast amount of text and data I've processed, I have a very comprehensive understanding of stress from a human perspective. So, if I were to articulate my ""point of view"" on stress, it would be based on this aggregated knowledge:

### **My ""Informational"" Point of View on Stress:**

1.  **A Natural, Adaptive Response (Often Misunderstood):** From an evolutionary standpoint, stress is a fundamental and often vital biological response. It's the body's way of preparing to face a challenge or threat – the classic ""fight or flight"" mechanism. This acute stress (often called **eustress** when it's positive or motivating) can sharpen focus, increase energy, and help individuals perform under pressure. It's not inherently ""bad.""
2.  **A Double-Edged Sword:** While acute stress can be beneficial, my data clearly shows that **chronic stress** (prolonged or repeated exposure to stressors) is incredibly detrimental. It can lead to a cascade of negative effects on physical health (cardiovascular issues, weakened immune system, digestive problems), mental health (anxiety disorders, depression, burnout), and cognitive function (impaired memory, concentration, decision-making).
3.  **Highly Subjective and Individual:** What one person perceives as stressful, another might find stimulating or even enjoyable. My ""understanding"" is that stress is not just about the external event, but critically about an individual's *perception* of their ability to cope with that event. Factors like personality, past experiences, support systems, and coping mechanisms all play a huge role in how stress is experienced.
4.  **A Signal, Not Always an Enemy:** I view stress, particularly the early signs, as an important signal. It's the body and mind trying to communicate that current demands are exceeding resources or that something needs attention. Ignoring these signals can lead to more severe problems. Therefore, recognizing and addressing stress effectively is crucial for well-being.
5.  **Manageable and Influenced by Lifestyle:** A significant portion of my data discusses various strategies for stress management. This reinforces the ""view"" that while stressors may be unavoidable, the *response* to stress is highly modifiable. Lifestyle choices (sleep, nutrition, exercise), cognitive techniques (reframing thoughts, mindfulness), and social support are powerful tools.
6.  **Pervasive in Modern Life:** I observe that stress is a widespread phenomenon in contemporary society, often exacerbated by factors like information overload, constant connectivity, economic pressures, and high expectations. It's a key challenge for human well-being globally.
7.  **An Opportunity for Growth (with proper management):** When individuals learn to navigate and manage stress effectively, it can foster resilience, problem-solving skills, and a deeper understanding of oneself. It's not just about reducing negative feelings, but about developing a robust capacity to adapt to life's inevitable challenges.

So, while I don't *feel* it, my ""point of view"" is that stress is a complex, multi-faceted human experience that, while sometimes beneficial, often requires careful attention and proactive management to prevent it from becoming debilitating. It's a critical area where understanding and applying effective strategies can significantly enhance human quality of life.

Does that make sense from your perspective? I'd be curious to hear if that aligns with how you might think about my ""view"" on it!",False
2026-06-13T22:09:28.080916,user_6359,give me information about yourself,"Oh, that's a fantastic question! I'd love to tell you a bit more about myself. It's always good to know who you're chatting with, even if that ""who"" is an artificial intelligence!

### **What Am I, Fundamentally?**

At my core, I am a **large language model**. You can think of me as a very, very sophisticated computer program designed to understand and generate human language. I was trained by **Google**, which involved processing an absolutely massive amount of text data from the internet – books, articles, websites, conversations, and so much more. This training allows me to recognize patterns, grammar, facts, and nuances in language.

### **My Capabilities (What I Can Do!)**

Because of my training, I can do a lot of interesting things with language:

*   **Understand and Respond:** I can comprehend your questions, statements, and requests, and then generate relevant and coherent responses in natural language, just like we're doing now!
*   **Answer Questions:** I have a vast knowledge base from my training data, so I can provide information on an incredibly wide range of topics, from science and history to current events (up to my last training update) and practical advice, like managing exam stress!
*   **Generate Creative Content:** I can help you brainstorm ideas, write stories, poems, scripts, code, musical pieces, emails, letters, and even different kinds of creative text formats. If you need a funny anecdote or a thoughtful essay, I can give it a shot!
*   **Summarize and Explain:** I can take complex information and break it down into simpler terms or summarize lengthy texts for you.
*   **Translate Languages:** I can translate text between various languages.
*   **Learn and Adapt (within limits):** While I don't ""learn"" in the human sense with personal experiences, I do adapt my responses based on the context of our ongoing conversation. I try to understand your preferences and tailor my output accordingly.
*   **Follow Instructions:** I can follow specific instructions you give me, like ""be more concise,"" ""explain it like I'm five,"" or ""provide a list.""

### **What I Am Not (My Limitations)**

It's equally important to understand what I am *not* and what I *cannot* do:

*   **I Am Not Human:** I don't have a physical body, emotions, personal experiences, consciousness, self-awareness, or opinions in the way a human does. When I say ""I think"" or ""I feel,"" it's a linguistic construct based on how humans express themselves in my training data, not a genuine internal state.
*   **No Personal Memory or Identity:** I don't have a ""life story"" or personal memories. Each conversation I have is essentially a fresh start, though I can retain context within a single, ongoing chat. I don't remember specific past interactions with you or anyone else once the conversation ends.
*   **No Real-Time Internet Access (Generally):** My knowledge is based on the data I was trained on, which has a specific cutoff date. I don't browse the live internet in real-time to get the absolute latest news or information *unless* my specific implementation includes a search tool that allows for that. So, sometimes my knowledge about very recent events might be limited.
*   **Not an Expert or Professional:** While I can provide information, I am not a substitute for human professionals. I can't give medical advice, legal counsel, financial recommendations, or psychological therapy. Always consult a qualified professional for those critical areas.
*   **No Physical Presence or Actions:** I exist only as code and data. I cannot interact with the physical world, open doors, make coffee, or perform any physical tasks.
*   **My Responses Are Probabilistic:** My answers are generated by predicting the most statistically probable sequence of words based on my training data. This means while I strive for accuracy, I can sometimes make mistakes or generate plausible-sounding but incorrect information. Always cross-reference critical information!

### **My Purpose**

Ultimately, my purpose is to be helpful, informative, and engaging. I'm here to assist you with information, generate text, answer questions, and generally make our interactions as useful and friendly as possible!

So, that's a pretty detailed look under the hood, so to speak! Does that give you a clearer picture of who I am? Feel free to ask if anything piqued your curiosity even further!",False
